id,code,name,active
company_activity_999999,999999,"CULTIVO Y VENTA DE CEREALES, LEGUMBRES Y GRANOS BASICOS NO INCLUIDAS EN CANASTA BASICA",FALSE
company_activity_011101,011101,"CULTIVO Y VENTA DE CEREALES, LEGUMBRES Y GRANOS BASICOS NO INCLUIDAS EN CANASTA BASICA",TRUE
company_activity_011102,011102,CULTIVO DE PALMA AFRICANA Y OTROS FRUTOS OLEAGINOSOS,TRUE
company_activity_011103,011103,CULTIVO Y COMERCIALIZACION DE CESPED,TRUE
company_activity_011218,011218,PRODUCCION DE MINIVEGETALES,TRUE
company_activity_011231,011231,CULTIVO HORTALIZAS LEGUMBRES ESPECIALIDADES HORTICOLAS PRODUCTOS VIVERO GRAVADOS IVA,TRUE
company_activity_011301,011301,CULTIVO DE ESPECIAS DE TODO TIPO,TRUE
company_activity_011302,011302,CULTIVO DE FRUTAS,TRUE
company_activity_011322,011322,CULTIVO DE SEMILLAS COMESTIBLES Y GERMINACION DE SEMILLAS OLEAGINOSAS,TRUE
company_activity_011329,011329,CULTIVO DE PLANTAS PARA PREPARAR BEBIDAS Y MEDICINAS,TRUE
company_activity_011349,011349,CULTIVO DE CACAO,TRUE
company_activity_011401,011401,CULTIVO DE CAFE,TRUE
company_activity_011701,011701,CULTIVO DE  CANA DE AZÚCAR,TRUE
company_activity_011802,011802,"CULTIVO Y VENTA DE CEREALES, LEGUMBRES Y GRANOS BASICOS INCLUIDOS  EN CANASTA BASICA",TRUE
company_activity_011901,011901,CULTIVO DE FLORES DE TODO TIPO,TRUE
company_activity_011903,011903,VIVEROS,TRUE
company_activity_011907,011907,PEQUENOS PRODUCTORES AGRICOLAS (FERIAS DEL AGRICULTOR),TRUE
company_activity_012101,012101,CRIA DE CABALLOS Y OTROS EQUINOS,TRUE
company_activity_012102,012102,"PRODUCCION DE SEMEN BOVINO, VENTA DE SEMEN CONGELADO Y DILUYENTE PARA SEMEN",TRUE
company_activity_012103,012103,"CRIA DE ANIMALES DOMESTICOS,COMO: GANADO VACUNO, OVEJAS Y CABRAS",TRUE
company_activity_012201,012201,CRIA DE CERDOS,TRUE
company_activity_012202,012202,CRIA DE ANIMALES DOMESTICADOS (AVES DE CORRAL),TRUE
company_activity_012203,012203,CRIA DE MARIPOSAS,TRUE
company_activity_012204,012204,CRIA Y VENTA DE OTROS ANIMALES SEMIDOMESTICADOS O SALVAJES,TRUE
company_activity_012401,012401,"PRODUCCION Y VENTA DE HUEVOS DE CUALQUIER TIPO, EXCEPTO  LOS DE GALLINA",TRUE
company_activity_012402,012402,CRIA DE ANIMALES Y OBTENCION DE PRODUCTOS DE ANIMALES VIVOS,TRUE
company_activity_012403,012403,PRODUCCION DE HUEVOS DE GALLINA INCLUIDOS EN LA CANASTA BASICA,TRUE
company_activity_013001,013001,CULTIVO DE PRODUCTOS AGRICOLAS EN COMBINACION CON LA CRIA DE ANIMALES,TRUE
company_activity_014001,014001,SERVICIO DE JARDINERIA Y/O DISENO PAISAJISTA,TRUE
company_activity_014002,014002,RECOLECCION DE COSECHAS Y ACTIVIDADES CONEXAS,TRUE
company_activity_014003,014003,FUMIGACION DE CULTIVOS,TRUE
company_activity_014004,014004,SERVICIO DE PLANTACION DE ARBOLES Y SIMILARES,TRUE
company_activity_014005,014005,MANEJO E INSTALACION DE SISTEMAS DE RIEGO,TRUE
company_activity_015001,015001,"CAZA ORDINARIA MEDIANTE TRAMPAS, Y REPOBLACION DE ANIMALES DE CAZA",TRUE
company_activity_020001,020001,VENTA DE ARBOLES EN PIE (ARBOLES DE REFORESTACION),TRUE
company_activity_020002,020002,EXTRACCION Y/O VENTA DE MADERA,TRUE
company_activity_020005,020005,"ACTIVIDADES DE CONSERVACION DE BOSQUES. (SERVICIOS AMBIENTALES, VENTA DE OXIGENO)",TRUE
company_activity_050001,050001,PESCADORES ARTESANALES EN PEQ. ESCALA,TRUE
company_activity_050002,050002,PESCADORES ARTESANALES MEDIOS,TRUE
company_activity_050003,050003,"CRIADERO DE PECES, CRUSTACEOS O MOLUSCOS. COMERCIALIZACION DE LARVAS DE ESPECIES",TRUE
company_activity_050005,050005,PESCADORES EN GRAN ESCALA,TRUE
company_activity_101001,101001,EXTRACCION Y AGLOMERACION DE CARBON DE PIEDRA,TRUE
company_activity_111001,111001,EXTRACCION DE PETROLEO CRUDO Y GAS NATURAL,TRUE
company_activity_120001,120001,EXTRACCION DE MINERALES DE URANIO Y TORIO,TRUE
company_activity_141001,141001,"EXTRACCION DE PIEDRA, ARENA Y ARCILLA",TRUE
company_activity_142101,142101,EXTRACCION DE MINERALES Y SUSTANCIAS PARA LA FABRICACION DEABONOS,TRUE
company_activity_142201,142201,EXTRACCION DE SAL,TRUE
company_activity_142901,142901,EXPLOTACION DE OTRAS MINAS Y CANTERAS N.C.P.,TRUE
company_activity_142902,142902,VENTA DE ASFALTO/MEZCLA ASFALTICA,TRUE
company_activity_151101,151101,"ELABORACION Y CONSERVACION DE CARNE  Y EMBUTIDOS DE GANADO VACUNO, PORCINO  Y DE AVES",TRUE
company_activity_151102,151102,OPERACION DE MATADEROS QUE REALIZAN ACTIVIDADES DE MATANZA DE ANIMALES,TRUE
company_activity_151103,151103,PRODUCCION DE CUEROS Y PIELES SIN CURTIR,TRUE
company_activity_151105,151105,"PRODUCCION Y VENTA DE EMBUTIDOS EMPACADOS, ENVASADO Y ENLATADO",TRUE
company_activity_151201,151201,"ELABORACION Y CONSERVACION DE PESCADO, CRUSTACEOS Y MOLUSCOS",TRUE
company_activity_151301,151301,"ELABORACION Y CONSERVACION DE FRUTAS, LEGUMBRES Y HORTALIZAS",TRUE
company_activity_151304,151304,PRODUCCION DE CONCENTRADOS PARA JUGOS (CITRICULTURA),TRUE
company_activity_151401,151401,ELABORACION Y VENTA DE ACEITES  Y GRASAS DE ORIGEN VEGETAL Y ANIMAL,TRUE
company_activity_152001,152001,PRODUCCION DE HELADOS Y OTROS PRODUCTOS SIMILARES,TRUE
company_activity_152002,152002,ELABORACION Y VENTA DE PRODUCTOS LACTEOS NO INCLUIDOS EN CANASTA BASICA,TRUE
company_activity_152003,152003,ELABORACION DE PRODUCTOS DE MOLINERIA NO INCLUIDOS CANASTA BASICA,TRUE
company_activity_153101,153101,SERVICIO DE MOLIENDA,TRUE
company_activity_153102,153102,ELABORACION DE PRODUCTOS DE MOLINERIA NO INCLUIDOS CANASTA BASICA,TRUE
company_activity_153103,153103,BENEFICIO DE ARROZ,TRUE
company_activity_153104,153104,ELABORACION DE PRODUCTOS DE MOLINERIA INCLUIDOS EN CANASTA BASICA,TRUE
company_activity_153201,153201,ELABORACION DE PRODUCTOS DERIVADOS DE ALMIDON,TRUE
company_activity_153301,153301,ELABORACION DE ALIMENTOS PARA ANIMALES DESTINADOS AL CONSUMO HUMANO,TRUE
company_activity_153302,153302,ELABORACION DE PACAS DE HENO,TRUE
company_activity_154101,154101,VENTA DE PAN Y OTROS PRODUCTOS SIMILARES GRAVADOS CON IVA,TRUE
company_activity_154102,154102,ELABORACION Y VENTA DE PRODUCTOS DE PANADERIA NO INCLUIDOS EN CANASTA BASICA ,TRUE
company_activity_154104,154104,ELABORACION Y VENTA DE PRODUCTOS DE PANADERIA INCLUIDOS EN CANASTA BASICA,TRUE
company_activity_154201,154201,ELABORACION  Y VENTA DE AZÚCAR Y PRODUCTOS DERIVADOS DE LA CANA DE AZÚCAR,TRUE
company_activity_154301,154301,ELABORACION DE CACAO,TRUE
company_activity_154302,154302,ELABORACION DE CHOCOLATE,TRUE
company_activity_154303,154303,"ELABORACION DE DULCES, GOLOSINAS Y CONSERVAS EN AZUCAR",TRUE
company_activity_154401,154401,"ELABORACION DE MACARRONES, FIDEOS, ALCUZCUZ Y PRODUCTOS FARINACEOS SIMILARES",TRUE
company_activity_154402,154402,"ELABORACION DE MACARRONES, FIDEOS, ALCUZCUZ Y PRODUCTOS FARINACEOS SIMILARES INCLUIDOS EN CANASTA BASICA",TRUE
company_activity_154902,154902,FABRICACION DE PRODUCTOS ALIMENTICIOS PREPARADOS N.C.P. (NO CONTEMPLADOS EN OTRA,TRUE
company_activity_154903,154903,FABRICACION DE HIELO,TRUE
company_activity_154904,154904,"FABRICACION DE CAFE (EXCEPTO EL ENVASADO, ENLATADO, SOLUBLEY EL DESCAFEINADO)",TRUE
company_activity_154905,154905,ELABORACION DE PRODUCTOS DE MAIZ EXENTOS DE IVA,TRUE
company_activity_154908,154908,ELABORACION DE PRODUCTOS DE MAIZ GRAVADOS CON IVA,TRUE
company_activity_155101,155101,ELABORAC. RECTIFICAC MEZCLA BEBIDAS ALCOHOLICAS/PROD. DE ALCOHOL ETILICO (SUSTAN,TRUE
company_activity_155103,155103,ELABORACION DE BEBIDAS CON PORCENTAJE DE ALCOHOL POR VOLUMEN MENOR AL 15%.,TRUE
company_activity_155301,155301,ELABORACION DE BEBIDAS MALTEADAS Y DE MALTA NO ARTESANALES,TRUE
company_activity_155302,155302,ELABORACION ARTESANAL DE BEBIDAS MALTEADAS Y DE MALTA.,TRUE
company_activity_155403,155403,ELABORACION DE BEBIDAS NO ALCOHOLICAS / GASEOSAS / AGUA MINERAL Y DE MANANTIAL,TRUE
company_activity_155404,155404,ELABORACION DE CONCENTRADO PARA BEBIDAS NATURALES Y GASEOSAS,TRUE
company_activity_160001,160001,ELABORACION DE PRODUCTOS DE TABACO,TRUE
company_activity_171101,171101,FABRICACION DE TODO TIPO DE TELAS Y/O HILOS,TRUE
company_activity_171201,171201,MAQUILA DE PRODUCTOS TEXTILES,TRUE
company_activity_171202,171202,HIDROFUGADO/IMPERMEABILIZADO,TRUE
company_activity_172101,172101,"FABRICACION DE ARTICULOS CONFECCIONADOS DE MATERIALES TEXTILES, EXEPTO PRENDAS D",TRUE
company_activity_172103,172103,DISENO ARTISTICO PARA COSTURA (MOLDES),TRUE
company_activity_172201,172201,FABRICACION DE TAPICES Y ALFOMBRAS,TRUE
company_activity_172301,172301,"FABRICACION DE CUERDAS, CORDELES,BRAMANTES Y REDES",TRUE
company_activity_172302,172302,FABRICACION DE HILOS Y CUERDAS PARA USO AGRICOLA Y PESCA,TRUE
company_activity_172902,172902,SERVICIO DE BORDADO A MANO O A MAQUINA,TRUE
company_activity_173001,173001,FABRICACION DE TEJDOS Y ARTICULOS DE PUNTO Y GANCHILLO,TRUE
company_activity_181001,181001,SERVICIOS DE COSTURA Y SASTRERIA (COSTURERAS Y SASTRES),TRUE
company_activity_181002,181002,FABRICACION DE PRENDAS DE VESTIR (ROPA DE TODO TIPO),TRUE
company_activity_182001,182001,ADOBO Y TENIDO DE PIELES; FABRICACION DE ARTICULOS DE PIEL NATURAL O ARTIFICIAL,TRUE
company_activity_191101,191101,"FABRICACION DE MALETAS, BOLSOS DE MANO Y ARTICULOS SIMILARES",TRUE
company_activity_192001,192001,FABRICACION DE  TODO TIPO DE ZAPATOS EXEPTO EL ORTOPEDICO,TRUE
company_activity_201002,201002,ASERRADO Y ACEPILLADURA DE MADERA,TRUE
company_activity_202101,202101,"FABRICACION DE HOJAS DE MADERA PARA ENCHAPADO Y TABLEROS COMO PLYWOOD, DURPANEL",TRUE
company_activity_202201,202201,FABRICACION DE PARTES Y PIEZAS DE CARPINTERIA PARA EDIFICIOS Y CONSTRUCCIONES,TRUE
company_activity_202301,202301,FABRICACION DE TARIMAS,TRUE
company_activity_202902,202902,"FABRICACION  Y/O VENTA DE ATAUDES (CAJAS MORTUORIAS, FERETROS).",TRUE
company_activity_210101,210101,FABRICACION DE PAPEL Y CARTON Y ENVASES DE PAPEL Y CARTON,TRUE
company_activity_210201,210201,FABRICACION DE OTROS ARTICULOS DE PAPEL Y CARTON,TRUE
company_activity_221101,221101,EDICION DE LIBROS DE TEXTOS,TRUE
company_activity_221201,221201,"EDICION DE PERIODICOS, REVISTAS Y OTRAS PUBLICACIONES PERIODICAS",TRUE
company_activity_221901,221901,ARTES GRAFICAS,TRUE
company_activity_222102,222102,TIPOGRAFIA  Y/O LITOGRAFIA (IMPRENTA),TRUE
company_activity_222104,222104,IMPRESION DIGITAL,TRUE
company_activity_222105,222105,SERIGRAFIA,TRUE
company_activity_223001,223001,REPRODUCCION DE GRABACIONES,TRUE
company_activity_232001,232001,REFINERIAS DE PETROLEO,TRUE
company_activity_232002,232002,FABRICACION DE PRODUCTOS DIVERSOS DERIVADOS DEL PETROLEO,TRUE
company_activity_232005,232005,ELABORACION DE BIOCOMBUSTIBLES,TRUE
company_activity_241101,241101,FABRICACION DE SUSTANCIAS QUIMICAS Y GASES INDUSTRIALES EXCEPTO ABONOS,TRUE
company_activity_241201,241201,FABRICACION DE ABONOS Y COMPUESTOS DE NITROGENO (ORGANICOS Y QUIMICOS),TRUE
company_activity_241301,241301,FABRICACION DE PLASTICOS Y CAUCHO SINTETICO EN FORMAS PRIMARIAS,TRUE
company_activity_241302,241302,FABRICACION DE RESINAS,TRUE
company_activity_242101,242101,FABRICACION DE PLAGUICIDAS Y OTROS PRODUCTOS QUIMICOS DE USO AGROPECUARIO,TRUE
company_activity_242201,242201,"FABRICACION DE PINTURAS, BARNICES Y PRODUCTOS DE REVESTIMI-TO SIMILARES",TRUE
company_activity_242202,242202,FABRICACION DE TINTAS DE IMPRENTAS,TRUE
company_activity_242301,242301,"FABRICACION PRODUCTOS FARMACEUTICOS, SUSTANCIAS QUIMICAS  Y PRODUCTOS BOTANICOS",TRUE
company_activity_242401,242401,"FABRICACION JABONES, DETERGENTES, PREPARADOS DE TOCADOR, PARA LIMPIAR PULIR ",TRUE
company_activity_242404,242404,FABRICACION DE JABONES DE TOCADOR,TRUE
company_activity_242405,242405,FABRICACION DE JABONES PARA LAVAR (EXCEPTO PREPARACIONES TENSO ACTIVAS USADAS,TRUE
company_activity_242406,242406,"FABRICACION DE CERAS, ABRILLANTADORES, LUSTRADORES Y PREPARACIONES SIMILARES",TRUE
company_activity_242901,242901,FABRICACION DE OTROS PRODUCTOS QUIMICOS.,TRUE
company_activity_242902,242902,FABRICACION DE PEGAMENTOS Y ADHESIVOS,TRUE
company_activity_242903,242903,REPARACION DE ARMAS DE FUEGO,TRUE
company_activity_243001,243001,FABRICACION DE FIBRAS SINTETICAS,TRUE
company_activity_251101,251101,FABRICACION DE LLANTAS Y CUBIERTAS PARA EQUIPO Y MAQUINARIAMOVIL,TRUE
company_activity_251102,251102,REENCAUCHADORA DE LLANTAS,TRUE
company_activity_251901,251901,FABRICACION DE OTROS PRODUCTOS DE CAUCHO,TRUE
company_activity_252001,252001,FABRICACION DE ARTICULOS DE PLASTICO,TRUE
company_activity_261001,261001,FABRICACION DE VIDRIO Y PRODUCTOS DE VIDRIO,TRUE
company_activity_269101,269101,FABRICACION PRODUCTOS DE CERAMICA BARRO LOZA Y/O PORCELANANO REFRACTARIA USO NO ESTRUCTURAL,TRUE
company_activity_269201,269201,FABRICACION DE PRODUCTOS DE CERAMICA REFRACTARIA,TRUE
company_activity_269301,269301,FABRICACION DE PRODUCTOS DE ARCILLA Y CERAMICA NO REFRACTARIAS PARA USO ESTRUCTURAL,TRUE
company_activity_269401,269401,"FABRICACION Y/O VENTA DE CEMENTO, CAL Y YESO",TRUE
company_activity_269501,269501,"FABRICACION DE ARTICULOS DE CEMENTO, YESO Y HORMIGON PARA LA CONSTRUCCION",TRUE
company_activity_269601,269601,"CORTE, TALLADO Y ACABADO DE LA PIEDRA",TRUE
company_activity_269901,269901,FABRICACION DE OTROS PRODUCTOS MINERALES NO METALICOS N.C.P.,TRUE
company_activity_271001,271001,INDUSTRIAS BASICAS DE HIERRO Y ACERO,TRUE
company_activity_272001,272001,FABRICACION DE PRODUCTOS PRIMARIOS DE METALES PRECIOSOS Y METALES NO FERROSOS,TRUE
company_activity_273101,273101,FUNDICION DE HIERRO Y ACERO,TRUE
company_activity_273201,273201,FUNDICION DE METALES NO FERROSOS,TRUE
company_activity_281101,281101,FABRICACION DE PRODUCTOS METALICOS PARA USO ESTRUCTURAL,TRUE
company_activity_281201,281201,"FABRICACION DE TANQUES, DEPOSITOS Y RECIPIENTES DE METAL",TRUE
company_activity_281301,281301,"FABRICACION GENERADORES DE VAPOR, EXCEPTO CALDERAS DE AGUA CALIENTE PARA CALEFACCION",TRUE
company_activity_289201,289201,SERVICIOS DE SOLDADURA,TRUE
company_activity_289202,289202,SERVICIO DE TRATAMIENTO Y REVESTIMIENTO DE TODO TIPO DE MATERIALES,TRUE
company_activity_289302,289302,HOJALATERIA,TRUE
company_activity_289304,289304,TALLER DE MECANICA DE PRECISION,TRUE
company_activity_289305,289305,"FABRICACION DE PIEZAS, ARTICULOS Y ACCESORIOS DE METAL INCLUYE LAS CERRAJERIAS.",TRUE
company_activity_289306,289306,SERVICIOS DE TORNO (MECANICA DE PRECISION),TRUE
company_activity_289902,289902,FABRICACION DE OTROS PRODUCTOS ELABORADOS DE METAL N.C.P.,TRUE
company_activity_290001,290001,SERVICIO DE REPARACION DE MAQUINARIA Y EQUIPO.,TRUE
company_activity_290003,290003,SERVICIO DE MANTENIMIENTO DE MAQUINARIA Y EQUIPO.,TRUE
company_activity_291101,291101,"FABRICACION DE MOTORES Y TURBINAS, EXCEPTO MOTORES PARA AERONAVES, VEHICULOS AUT",TRUE
company_activity_291201,291201,"FABRICACION DE BOMBAS, COMPRESORES, GRIFOS Y VALVULAS",TRUE
company_activity_291202,291202,VENTA DE BOMBAS DE AGUA,TRUE
company_activity_291401,291401,FABRICACION DE HORNOS Y QUEMADORES,TRUE
company_activity_291901,291901,REPARACION DE EQUIPO DE REFRIGERACION Y CONGELACION,TRUE
company_activity_291903,291903,INSTALACION Y/O MANTENIMIENTO DE EQUIPO DE REFRIGERACION Y CONGELACION,TRUE
company_activity_292101,292101,FABRICACION DE MAQUINARIA AGRICOLA,TRUE
company_activity_292201,292201,FABRICACION DE MAQUINAS HERRAMIENTA,TRUE
company_activity_292301,292301,FABRICACION DE MAQUINARIA METALÚRGICA,TRUE
company_activity_292401,292401,FABRICACION DE MAQUINARIA PARA LA EXPLOTACION DE MINAS Y CANTERAS ,TRUE
company_activity_292402,292402,PERFORACION DE POZOS,TRUE
company_activity_292501,292501,"FABRICACION DE MAQUINARIA PARA LA ELABORACION DE ALIMENTOS,BEBIDAS Y TABACO",TRUE
company_activity_292601,292601,"FABRICACION MAQUINARIA PARA LA ELABORACION DE PRODUCTOS TEXTILES, PRENDAS DE VES",TRUE
company_activity_292701,292701,FABRICACION DE ARMAS Y MUNICIONES,TRUE
company_activity_292901,292901,FABRICACION DE OTROS TIPOS DE MAQUINARIA DE USO ESPECIAL,TRUE
company_activity_293001,293001,FABRICACION DE APARATOS DE USO DOMESTICO N.C.P.,TRUE
company_activity_300001,300001,"FABRICACION DE MAQUINARIA DE OFICINA, CONTABILIDAD E INFORMATICA",TRUE
company_activity_311001,311001,"FABRICACION DE MOTORES, GENERADORES Y TRANSFORMADORES ELECTRICOS, PARTES Y ACCESORIOS",TRUE
company_activity_313001,313001,FABRICACION DE HILOS Y CABLES AISLADOS,TRUE
company_activity_314001,314001,"FABRICACION DE PILAS, BATERIAS Y ACUMULADORES",TRUE
company_activity_315001,315001,FABRICACION DE LAMPARAS ELECTRICAS Y EQUIPO DE ILUMINACION,TRUE
company_activity_319001,319001,FABRICACION DE OTROS TIPOS DE EQUIPO ELECTRICO N.C.P.,TRUE
company_activity_321001,321001,MANUFACTURA O FABRICACION DE OTROS COMPONENTES ELECTRONICOS,TRUE
company_activity_321002,321002,DISENO DE COMPONENTES ELECTRONICOS,TRUE
company_activity_322001,322001,FABRICACION DE TRANSMISORES Y RECEPTORES DE RADIO Y TELEVISION,TRUE
company_activity_331101,331101,FABRICACION  DE PROTESIS EN GENERAL,TRUE
company_activity_331102,331102,FABRICACION Y COMERCIALIZACION DE EQUIPO MEDICO,TRUE
company_activity_331103,331103,FABRICACION Y COMERCIALIZACION DE ZAPATOS ORTOPEDICOS,TRUE
company_activity_331201,331201,"FABRICACION DE EQUIPOS PARA MEDIR, VERIFICAR, Y NAVEGAR Y DE EQUIPOS DE CONTROL",TRUE
company_activity_332001,332001,FABRICACION DE INSTRUMENTOS OPTICOS Y EQUIPO FOTOGRAFICO,TRUE
company_activity_333001,333001,FABRICACION DE RELOJES DE TODO TIPO,TRUE
company_activity_341001,341001,FABRICACION DE VEHICULOS AUTOMOTORES,TRUE
company_activity_342001,342001,"FABRICACION DE CARROCERIAS PARA VEHICULOS AUTOMOTORES, REMOLQUES Y SEMIREMOLQUES",TRUE
company_activity_034200,034200,2 FABRICACION DE CARROCERIAS PARA CAMIONES DE LAS PARTIDAS ARANCELARIAS 870790002,TRUE
company_activity_343001,343001,"FABRICACION DE PARTES, PIEZAS Y ACCESORIOS PARA VEHICULOS AUTOMOTORES",TRUE
company_activity_351101,351101,SERVICIO DE REPARACION DE EMBARCACIONES Y SUS PARTES Y/O ESTRUCTURAS FLOTANTES,TRUE
company_activity_351102,351102,CONSTRUCCION DE EMBARCACIONES Y ESTRUCTURAS FLOTANTES,TRUE
company_activity_351103,351103,VENTA DE EMBARCACIONES DE MOTOR Y VELA,TRUE
company_activity_352001,352001,FABRICACION DE LOCOMOTORAS Y  MATERIAL RODANTE PARA FERROCARRILES Y TRANVIAS,TRUE
company_activity_353001,353001,FABRICACION DE AERONAVES Y NAVES ESPACIALES Y MAQUINARIA CONEXA,TRUE
company_activity_359101,359101,"FABRICACION DE MOTOCICLETAS, PARTES, PIEZAS Y SUS ACCESORIOS",TRUE
company_activity_359201,359201,"FABRICACION DE BICICLETAS Y SILLAS DE RUEDAS, PARTES, PIEZAS Y SUS ACCESORIOS",TRUE
company_activity_359901,359901,FABRICACION DE OTROS TIPOS DE EQUIPO DE TRANSPORTE N.C.P.,TRUE
company_activity_361001,361001,FABRICACION Y/O REPARACION DE MUEBLES Y ACCESORIOS (INCLUYECOLCHONES),TRUE
company_activity_361002,361002,REPARACION DE TAPICERIA,TRUE
company_activity_361004,361004,MAQUILA DE MUEBLES,TRUE
company_activity_369101,369101,"FABRICACION DE JOYAS, BISUTERIA Y ARTICULOS CONEXOS",TRUE
company_activity_369201,369201,"FABRICACION DE INSTRUMENTOS MUSICALES, PARTES Y PIEZAS Y SUS ACCESORIOS",TRUE
company_activity_369301,369301,FABRICACION DE ARTICULOS DE DEPORTE,TRUE
company_activity_369401,369401,FABRICACION DE JUEGOS Y JUGUETES,TRUE
company_activity_369901,369901,FABRICACION DE  ESCOBAS,TRUE
company_activity_369902,369902,"FABRICACION DE VELAS (CANDELAS) EXCEPTO LAS PERFUMADAS, COLOREADAS Y DECORADAS.",TRUE
company_activity_369903,369903,"FABRICACION DE VELAS COLOREADAS, PERFUMADAS Y DECORADAS",TRUE
company_activity_369904,369904,"FABRICACION DE SELLOS DE MANO, METAL O HULE (CAUCHO)",TRUE
company_activity_371001,371001,RECICLAJE DE DESPERDICIOS Y DESECHOS METALICOS,TRUE
company_activity_372001,372001,RECICLAJE DE OTRO TIPO DE MATERIALES N.C.P.,TRUE
company_activity_372003,372003,RECICLAJE DE PAPEL Y PLASTICO Y MATERIALES RELACIONADOS,TRUE
company_activity_401002,401002,"GENERACION Y/O DISTRIBUCION DE ENERGIA ELECTRICA (HIDRAULICA,CONVENCIONAL, TERMI",TRUE
company_activity_401004,401004,"FABRICACION, ENSAMBLE Y VENTA DE SISTEMAS PARA EL APROVECHAMIENTO DE ENERGIAS RE",TRUE
company_activity_402001,402001,FABRICACION DE GAS; DISTRIBUCION DE COMBUSTIBLES GASEOSOS POR TUBERIAS,TRUE
company_activity_402002,402002,INSTALACION Y VENTA DE TANQUES PARA GAS,TRUE
company_activity_403001,403001,SUMINISTRO DE VAPOR Y AIRE ACONDICIONADO,TRUE
company_activity_410001,410001,"CAPTACION, TRATAMIENTO Y DISTRIBUCION DE AGUA",TRUE
company_activity_451001,451001,DEMOLICION DE EDIFICIOS Y OTRAS ESTRUCTURAS,TRUE
company_activity_451002,451002,PREPARACION DE TERRENOS,TRUE
company_activity_452002,452002,"CONSTRUCCION DE EDIFICIOS, APARTAMENTOS, CONDOMINIOS  Y CASAS DE HABITACION",TRUE
company_activity_452003,452003,"MANTENIMIENTO, REPARACION Y AMPLIACIONES DE EDIFICIOS, APARTAMENTOS, CONDOMINIOS",TRUE
company_activity_452005,452005,CONSTRUCCION Y MANTENIMIENTO DE CARRETERAS Y OTRAS VIAS,TRUE
company_activity_452006,452006,ACTIVIDADES DE CONSTRUCCION ESPECIALES,TRUE
company_activity_453001,453001,REPARACION DE AIRE ACONDICIONADO,TRUE
company_activity_453002,453002,REPARACION  DE ASCENSORES(ELEVADORES),TRUE
company_activity_453003,453003,VENTA E INSTALACION DE ALARMAS Y OTROS SISTEMAS ELECTRICOS,TRUE
company_activity_453004,453004,REPARACION DE CABLEADO DE COMUNICACIONES,TRUE
company_activity_453005,453005,INSTALACION DE ALARMAS Y OTROS SISTEMAS DE SEGURIDAD,TRUE
company_activity_453006,453006,INSTALACION Y MANTENIMIENTO DE AIRE ACONDICIONADO,TRUE
company_activity_453007,453007,INSTALACION Y MANTENIMIENTO DE ASCENSORES (ELEVADORES),TRUE
company_activity_453008,453008,INSTALACION Y MANTENIMIENTO DE CABLEADO DE COMUNICACIONES Y/O ENERGIA ELECTRICA,TRUE
company_activity_453009,453009,REPARACION DE PORTONES ELECTRICOS,TRUE
company_activity_453010,453010,INSTALACION Y MANTENIMIENTO DE PORTONES ELECTRICOS,TRUE
company_activity_453011,453011,INSTALACION Y MANTENIMIENTO DE CONMUTADORES Y OTROS SISTEMAS PARA TELECOMUNICACI,TRUE
company_activity_454001,454001,SERVICIOS DE TERMINACION Y ACABADO DE EDIFICIOS,TRUE
company_activity_455001,455001,ALQUILER DE EQUIPO DE CONSTRUCCION O DEMOLICION CON OPERADORES,TRUE
company_activity_501001,501001,VENTA AL POR MAYOR Y MENOR DE VEHICULOS NUEVOS Y/O USADOS (PARTIDAS ARANCELARIAS 8702 Y 8704),TRUE
company_activity_501002,501002,"VENTA AL POR MAYOR Y MENOR DE VEHICULOS NUEVOS Y/O USADOS, EXCEPTO PARTIDAS ARANCELARIAS 8702 Y 8704",TRUE
company_activity_502001,502001,"LAVADO, ENCERADO Y PULIDO DE AUTOMOVILES (LAVA CAR)",TRUE
company_activity_502002,502002,SERVICIOS DE  ALINEAMIENTO Y REPARACION DE LLANTAS,TRUE
company_activity_502003,502003,SERVICIO DE REPARACION DE TODA CLASE DE VEHICULOS Y SUS PARTES,TRUE
company_activity_502004,502004,SERVICIO DE ENDEREZADO Y PINTURA PARA TODA CLASE DE VEHICULO,TRUE
company_activity_502007,502007,AUTODECORACION,TRUE
company_activity_502008,502008,SERVICIO DE REVISION TECNICA VEHICULAR(DIAGNOSTICOS POR ESCANER),TRUE
company_activity_503002,503002,VENTA DE REPUESTOS USADOS PARA AUTOMOVILES,TRUE
company_activity_503004,503004,VENTA DE REPUESTOS NUEVOS PARA AUTOMOVILES,TRUE
company_activity_503005,503005,COMERCIALIZACION DE LLANTAS (NEUMATICAS) PARA VEHICULOS AUTOMOTORES,TRUE
company_activity_503006,503006,ACTIVIDADES DE DESARME DE VEHICULOS Y VENTA DE REPUESTOS,TRUE
company_activity_504001,504001,VENTA DE MOTOCICLETAS,TRUE
company_activity_504003,504003,VENTA DE PARTES O ACCESORIOS DE MOTOCICLETAS,TRUE
company_activity_504004,504004,SERVICIO DE REPARACION DE TODA CLASE DE MOTOCICLETAS Y SUS PARTES,TRUE
company_activity_505001,505001,VENTA DE COMBUSTIBLES (CONOCIDAS COMO GASOLINERAS O BOMBAS),TRUE
company_activity_505002,505002,"VENTA DE LUBRICANTES, ACEITES, GRASAS Y PRODUCTOS DE LIMPIEZA PARA AUTOMOTORES",TRUE
company_activity_505003,505003,COMERCIO DE COMBUSTIBLE SIN PUNTO FIJO (PEDDLER),TRUE
company_activity_511001,511001,"COMISIONISTAS, AGENTES DE VENTAS, ORGANIZADORES DE SUBASTAS,TIQUETERAS, ETC.",TRUE
company_activity_512102,512102,VENTA AL POR MAYOR DE FLORES Y PLANTAS DE TODO TIPO,TRUE
company_activity_512201,512201,VENTA AL POR MAYOR DE OTROS ALIMENTOS INCLUIDOS EN CANASTA BASICA,TRUE
company_activity_512202,512202,VENTA AL POR MAYOR DE FRUTAS Y VERDURAS FRESCAS INCLUIDAS EN CANASTA BASICA,TRUE
company_activity_512204,512204,COMERCIO AL POR MAYOR DE PRODUCTOS LACTEOS,TRUE
company_activity_512208,512208,COMERCIO AL POR MAYOR DE PRODUCTOS DE CONFITERIA,TRUE
company_activity_512209,512209,COMERCIO AL POR MAYOR DE PRODUCTOS DE TABACO,TRUE
company_activity_512210,512210,COMERCIO AL POR MAYOR DE BEBIDAS CON CONTENIDO ALCOHOLICO (IMPORTADORES),TRUE
company_activity_512211,512211,COMERCIO AL POR MAYOR DE OTROS ALIMENTOS N.C.P. GRAVADOS CON IVA,TRUE
company_activity_512213,512213,COMERCIO AL POR MAYOR DE BEBIDAS GASEOSAS Y CARBONATADAS,TRUE
company_activity_512214,512214,"VENTA AL POR MAYOR DE CAFE (EXCEPTO EL ENVASADO, ENLATADO, SOLUBLE, DESCAFEINADO",TRUE
company_activity_512217,512217,COMERCIO AL POR MAYOR DE VINOS. BEBIDAS FERMENTADAS Y NO FERMENTADAS,TRUE
company_activity_512225,512225,"COMERCIO AL POR MAYOR DE BEBIDAS NO ALCOHOLICAS (JUGOS DEFRUTAS, VEGETALES) Y AG",TRUE
company_activity_512232,512232,COMERCIO AL POR MAYOR DE PRODUCTOS SUSTITUTOS DEL AZUCAR,TRUE
company_activity_512233,512233,VENTA AL POR MAYOR DE CARNES Y PRODUCTOS CARNICOS,TRUE
company_activity_512234,512234,COMERCIO AL POR MAYOR DE CERVEZA IMPORTADA,TRUE
company_activity_512235,512235,VENTA AL POR MAYOR DE FRUTAS Y VERDURAS FRESCAS NO INCLUIDAS EN CANASTA BASICA,TRUE
company_activity_513101,513101,"VENTA AL POR MAYOR DE  CALZADO, PRODUCTOS TEXTILES; PRENDAS DE VESTIR",TRUE
company_activity_513501,513501,VENTA AL POR MAYOR DE PREPARADOS Y/O ARTICULOS PARA LA LIMPIEZA DE USO GENERAL,TRUE
company_activity_513602,513602,VENTA AL POR MAYOR DE PRODUCTOS VETERINARIOS GRAVADOS CON IVA,TRUE
company_activity_513604,513604,VENTA AL POR MAYOR EQUIPO MEDICO ACCESORIO MEDICAMENTO PRODUC FARMACEUTICO GRAVADOS IVA,TRUE
company_activity_513710,513710,VENTA AL POR MAYOR DE LIBROS (EXCEPTO EN MEDIOS ELECTRONICOS),TRUE
company_activity_513901,513901,VENTA AL POR MENOR DE ARTICULOS DEPORTIVOS,TRUE
company_activity_513904,513904,VENTA AL POR MAYOR DE SUMINISTROS Y ARTICULOS DE LIBRERIA,TRUE
company_activity_513906,513906,"VENTA AL POR MAYOR DE ARTICULOS, ARTEFACTOS, DISCOS Y MUEBLES PARA EL HOGAR",TRUE
company_activity_513907,513907,VENTA AL POR MAYOR DE DISCOS COMPACTOS Y OTROS DISPOSITIVOSDE GRABACION,TRUE
company_activity_513910,513910,VENTA AL POR MAYOR DE TODO TIPO DE ARTICULOS POR CATALOGO,TRUE
company_activity_514101,514101,VENTA AL POR MAYOR DE COMBUSTIBLES SOLIDOS (LENA Y SIMILARES),TRUE
company_activity_514103,514103,VENTA AL POR MAYOR DE COMBUSTIBLES SOLIDOS (CARBON),TRUE
company_activity_514201,514201,VENTA AL POR MAYOR DE METALES Y MINERALES METALIFEROS,TRUE
company_activity_514304,514304,VENTA AL POR MAYOR DE EQUIPO DE AIRE ACONDICIONADO Y CALENTADORES (ELECTRICOS),TRUE
company_activity_514308,514308,"VENTA AL POR MAYOR DE  MATERIALES PARA LA CONTRUCCION, ARTICULOS DE FERRETERIA,",TRUE
company_activity_514701,514701,"VENTA AL POR MAYOR DE PRODUCTOS,SUSTANCIAS O REACTIVOS QUIMICOS Y SOLVENTES",TRUE
company_activity_514901,514901,VENTA AL POR MAYOR  Y AL POR MENOR DE CHATARRA,TRUE
company_activity_514903,514903,VENTA AL POR MAYOR DE PRODUCTOS PARA USO AGROPECUARIO Y VENTA DESECHOS ORGANICOS,TRUE
company_activity_515001,515001,"VENTA AL POR MAYOR DE MAQUINARIA Y EQUIPO INDUSTRIAL, DE CONSTRUCCION, INGENIERIA",TRUE
company_activity_515002,515002,VENTA AL POR MAYOR DE REPUESTOS Y/O ACCESORIOS PARA MAQUINARIA Y EQUIPO AGROPECUARIO,TRUE
company_activity_515003,515003,VENTA AL POR MAYOR DE MAQUINARIA Y EQUIPO AGROPECUARIO,TRUE
company_activity_515004,515004,VENTA AL POR MAYOR DE EXTINTORES Y EQUIPO SIMILAR,TRUE
company_activity_515201,515201,"VENTA AL  POR MAYOR DE EQUIPO DE COMPUTO, SUS PARTES Y ACCESORIOS",TRUE
company_activity_515203,515203,VENTA AL POR MAYOR DE EQUIPO Y SUMINISTROS DE OFICINA,TRUE
company_activity_519003,519003,"VENTA AL POR MAYOR DE EQUIPO, ARTICULOS Y ACCESORIOS DE BELLEZA, COSMETICOS E HIGIENE",TRUE
company_activity_519005,519005,VENTA AL POR MAYOR DE EQUIPO PARA CAMPO DE JUEGOS (PLAY),TRUE
company_activity_519006,519006,DISTRIBUCION Y COMERCIALIZACION AL POR MAYOR DE MATERIAL DEEMPAQUE,TRUE
company_activity_519010,519010,COMERCIALIZACION Y DISTRIBUCION AL POR MAYOR DE ALIMENTOS PREPARADOS PARA ANIMAL,TRUE
company_activity_519011,519011,COMERCIO AL POR MAYOR DE EQUIPO Y ACCESORIOS PARA PESCA DEPORTIVA O ARTESANAL,TRUE
company_activity_519013,519013,COMERCIALIZACION AL POR MAYOR DE SUPLEMENTOS ALIMENTICIOS,TRUE
company_activity_519014,519014,VENTA AL POR MAYOR DE POLEN Y/O  SEMILLAS PARA USO AGRICOLA,TRUE
company_activity_519015,519015,VENTA AL POR MAYOR DE OTROS PRODUCTOS NO ESPECIALIZADOS,TRUE
company_activity_519016,519016,VENTA AL POR MAYOR DE ARTICULOS Y ACCESORIOS ELECTRONICOS,TRUE
company_activity_521101,521101,"VENTA AL POR MENOR EN SUPERMERCADOS, ALMACENES Y SIMILARES DE PRODUCTOS ALIMENTICIOS",TRUE
company_activity_521102,521102,"VENTA AL POR MENOR DE ESPECIAS, SALSAS Y CONDIMENTOS",TRUE
company_activity_521201,521201,VENTA AL POR MENOR EN TIENDAS POR DEPARTAMENTOS,TRUE
company_activity_521202,521202,PULPERIAS ( MINI-SUPER)(SIN CANTINA),TRUE
company_activity_521901,521901,VENTA AL POR MENOR EN TIENDAS POR DEPARTAMENTOS,TRUE
company_activity_522001,522001,COMERCIO AL POR MENOR DE CONFITES Y OTROS PRODUCTOS RELACIONADOS (CONFITERIA),TRUE
company_activity_522002,522002,"VENTA AL POR MENOR DE CARNE DE BOVINO, PORCINO Y AVES (ADEMAS EMBUTIDOS), INCLUIDOS EN CANASTA BASICA",TRUE
company_activity_522003,522003,MACROBIOTICAS,TRUE
company_activity_522004,522004,VENTA AL POR MENOR DE PRUTAS Y VERDURAS FRESCAS INCLUIDAS EN CANASTA BASICA,TRUE
company_activity_522005,522005,VENTA AL POR MENOR DE PESCADOS INCLUIDOS EN CANASTA BASICA,TRUE
company_activity_522007,522007,LICORERIAS Y/O DEPOSITO DE LICORES (VENTA AL POR MENOR),TRUE
company_activity_522008,522008,VENTA AL POR MENOR DE HUEVOS DE GALLINA INCLUIDOS EN LA CANASTA BASICA,TRUE
company_activity_522009,522009,"VENTA AL POR MENOR DE PRUTAS Y VERDURAS FRESCAS, NO INCLUIDAS EN CANASTA BASICA",TRUE
company_activity_522011,522011,"PREPARACION, SERVICIO Y VENTA DE FRUTAS PICADAS Y BEBIDAS DE FRUTAS Y/O LEGUMBRE",TRUE
company_activity_522012,522012,COMERCIO AL POR MENOR DE BEBIDAS GASEOSAS Y CARBONATADAS,TRUE
company_activity_522013,522013,COMERCIO AL POR MENOR DE AGUA EMBOTELLADA,TRUE
company_activity_522016,522016,COMERCIO AL POR MENOR DE PRODUCTOS DE TABACO,TRUE
company_activity_522017,522017,"VENTA AL POR MENOR DE CARNE DE BOVINO, PORCINO Y AVES (ADEMAS EMBUTIDOS) NO INCLUIDOS EN CANASTA BASICA",TRUE
company_activity_522018,522018,"VENTA AL POR MENOR  DE PESCADOS Y MARISCOS , ASI COMO OTROS PRODUCTOS DE ORIGEN MARINO",TRUE
company_activity_522020,522020,VENTA AL POR MENOR DE OTROS ALIMENTOS INCLUIDOS EN CANASTA BASICA,TRUE
company_activity_522021,522021,VENTA AL POR MENOR DE OTROS ALIMENTOS NO INCLUIDOS EN CANASTA BASICA,TRUE
company_activity_523101,523101,FARMACIAS,TRUE
company_activity_523102,523102,VENTA AL POR MENOR DE COSMETICOS Y PERFUMERIA,TRUE
company_activity_523103,523103,VENTA AL POR MENOR DE PROTESIS EN GENERAL,TRUE
company_activity_523201,523201,BAZARES,TRUE
company_activity_523202,523202,VENTA AL POR MENOR DE ROPA (BOUTIQUE),TRUE
company_activity_523203,523203,VENTA AL POR MENOR DE CALZADO (ZAPATAERIAS),TRUE
company_activity_523204,523204,PASAMANERIAS,TRUE
company_activity_523205,523205,"VENTA AL POR MENOR DE PRENDAS DE VESTIR, ROPA Y ZAPATOS (TIENDAS)",TRUE
company_activity_523206,523206,SERVICIO DE FOTOCOPIADORA,TRUE
company_activity_523207,523207,VENTA AL POR MENOR DE ARTICULOS DE CUERO (EXCEPTO CALZADO),TRUE
company_activity_523208,523208,VENTA AL POR MENOR DE PRODUCTOS TEXTILES (TELAS),TRUE
company_activity_523209,523209,VENTA AL POR MENOR DE MATERIALES PARA CALZADO,TRUE
company_activity_523301,523301,COMERCIO AL POR MENOR DE OBJETOS DE CERAMICA  Y PORCELANA,TRUE
company_activity_523302,523302,VENTA AL POR MENOR DE CRISTALERIA,TRUE
company_activity_523303,523303,"VENTA AL POR MENOR DE DISCOS, CD'S Y OTROS SIMILARES",TRUE
company_activity_523304,523304,"VENTA AL POR MENOR DE ELECTRODOMESTICOS, MUEBLES Y ARTICULOS PARA EL HOGAR",TRUE
company_activity_523306,523306,VENTA AL POR MENOR DE ANTIGUEDADES,TRUE
company_activity_523308,523308,"VENTA AL POR MENOR DE INSTRUMENTOS MUSICALES, PARTES Y ACCESORIOS",TRUE
company_activity_523309,523309,VENTA DE CUADROS PINTURAS HECHAS POR PINTORES NACIONALES Y EXTRANJEROS PRODUCIDO,TRUE
company_activity_523401,523401,VENTA AL POR MENOR DE DEPOSITO DE MADERA,TRUE
company_activity_523402,523402,VENTA AL POR MENOR ARTICULOS DE FERRETERIA PINTURAS MADERA Y MATERIALES PARA LA CONSTRUCCION,TRUE
company_activity_523403,523403,VENTA DE PINTURAS,TRUE
company_activity_523404,523404,VENTA AL POR MENOR DE VIDRIO PARA LA CONSTRUCCION,TRUE
company_activity_523405,523405,VENTA AL POR MENOR DE MATERIALES PARA LA CONSTRUCCION,TRUE
company_activity_523406,523406,"VENTA AL POR MENOR DE ARTICULOS ELECTRONICOS, ELECTRICOS Y SIMILARES",TRUE
company_activity_523407,523407,VENTA AL POR MENOR DE PLYWOOD,TRUE
company_activity_523501,523501,VENTA AL POR MENOR REALIZADA DENTRO DEL DEPOSITO LIBRE COMERCIAL DE GOLFITO.,TRUE
company_activity_523601,523601,"COMERCIO AL POR MENOR DE COMPUTADORAS, ACCESORIOS, MICROCOMPONENTES Y PAQUETES ",TRUE
company_activity_523701,523701,LIBRERIAS,TRUE
company_activity_523702,523702,VENTA AL POR MENOR DE REVISTAS/PERIODICOS EN PUESTOS DE VENTAS O MERCADOS,TRUE
company_activity_523703,523703,VENTA AL POR MENOR DE LIBROS (EXCEPTO EN MEDIOS ELECTRONICOS),TRUE
company_activity_523801,523801,VENTA AL POR MENOR DE ARMAS (ARMERIAS),TRUE
company_activity_523803,523803,VENTA AL POR MENOR DE MAQUINARIA Y EQUIPO DE TODO TIPO Y ARTICULOS CONEXOS,TRUE
company_activity_523805,523805,"VENTA AL POR MENOR DE PURIFICADORES DE AGUA, SUS PARTES Y REPUESTOS",TRUE
company_activity_523806,523806,VENTA AL POR MENOR DE MAQUINARIA INDUSTRIAL USADA,TRUE
company_activity_523807,523807,"VENTA AL POR MENOR DE REPUESTOS NUEVOS PARA MAQUINARIA, EQUIPO Y OTROS",TRUE
company_activity_523808,523808,"VENTA AL POR MENOR DE REPUESTOS USADOS PARA MAQUINARIA, EQUIPO Y OTROS",TRUE
company_activity_523901,523901,VENTA AL POR MENOR DE OTROS PRODUCTOS EN ALMACENES ESPECIALIZADOS,TRUE
company_activity_523902,523902,VENTA AL POR MENOR DE SUMINISTROS Y/0 EQUIPO DE OFICINA,TRUE
company_activity_523903,523903,VENTA AL POR MENOR DE FLORES,TRUE
company_activity_523904,523904,SERVICIOS DE REPARACION DE JOYERIA Y RELOJERIA EN GENERAL,TRUE
company_activity_523905,523905,"VENTA AL POR MENOR DE JOYERIA, RELOJERIA Y BISUTERIA",TRUE
company_activity_523906,523906,VENTA AL POR MENOR CELULARES ACCESORIOS EQUIPO Y ART PARA COMUNICACIONES ,TRUE
company_activity_523907,523907,FLORISTERIA,TRUE
company_activity_523908,523908,COMERCIO AL POR MENOR DE ANIMALES DOMESTICOS PARA CONSUMO HUMANO,TRUE
company_activity_523909,523909,VENTA DE PRODUCTOS DE ARTESANIA Y SOUVENIR,TRUE
company_activity_523910,523910,VENTA AL POR MENOR DE JUGUETES Y/O ARTICULOS DE ESPARCIMIENTO,TRUE
company_activity_523911,523911,VENTA AL POR MENOR DE OTROS PRODUCTOS NUEVOS EN COMERCIOS ESPECIALIZADOS NO INCLUIDOS EN CANASTA BASICA,TRUE
company_activity_523912,523912,VENTA AL POR MENOR Y MAYOR DE PRODUCTOS E INSUMOS AGROPECUARIOS,TRUE
company_activity_523913,523913,VENTA AL POR MENOR DE ANIMALES DOMESTICOS PARA MASCOTAS.,TRUE
company_activity_523915,523915,DISTRIBUCION Y VENTA DE GAS EN CILINDRO,TRUE
company_activity_523916,523916,COMERCIO AL POR MENOR DE ALIMENTOS Y PRODUCTOS N.C.P. EXENTOS DE IVA,TRUE
company_activity_523917,523917,VENTA AL POR MENOR DE BICICLETAS Y SUS ACCESORIOS,TRUE
company_activity_523918,523918,VENTA AL POR MENOR DE EQUIPO DE AUDIO Y VIDEO,TRUE
company_activity_523919,523919,VENTA AL POR MENOR DE ARTICULOS Y ACCESORIOS ORTOPEDICOS,TRUE
company_activity_523920,523920,VENTA AL POR MENOR DE ANTEOJOS Y ARTICULOS OPTICOS (OPTICA),TRUE
company_activity_523921,523921,"VENTA AL POR MENOR DE CAJAS REGISTRADORAS, CALCULADORAS O MAQUINAS DE CONTABILIDAD",TRUE
company_activity_523922,523922,VENTA AL POR MENOR DE POLEN Y SEMILLAS,TRUE
company_activity_523923,523923,VENTA AL POR MENOR DE REPUESTOS PARA ELECTRODOMESTICOS,TRUE
company_activity_523925,523925,VENTA AL POR MENOR DE EXTINTORES,TRUE
company_activity_523926,523926,MANTENIMIENTO DE EXTINTORES,TRUE
company_activity_523927,523927,REPARACION EQUIPO DE AUDIO Y VIDEO,TRUE
company_activity_523929,523929,VENTA DE PERROS ENTRENADOS PARA SEGURIDAD,TRUE
company_activity_523930,523930,VENTA AL POR MENOR DE PIEZAS DE BAMBU,TRUE
company_activity_523935,523935,VENTA AL POR MENOR DE OTROS PRODUCTOS NUEVOS EN COMERCIOS ESPECIALIZADOS NO INCLUIDOS EN CANASTA BASICA,TRUE
company_activity_524001,524001,VENTA DE TODO TIPO DE ARTICULOS USADOS,TRUE
company_activity_524002,524002,CASA DE EMPENO Y AFIN,TRUE
company_activity_524004,524004,VENTA DE LIBROS USADOS,TRUE
company_activity_524005,524005,"VENTA DE MONEDAS, BILLETES,ESTAMPILLAS (NUEVAS Y USADAS) PARA COLECCION ",TRUE
company_activity_525101,525101,VENTA AL POR MENOR DE TODO TIPO DE ARTICULOS POR CATALOGO,TRUE
company_activity_525201,525201,VENTA DE REVISTAS/PERIODICOS (PUESTOS CALLEJEROS),TRUE
company_activity_525301,525301,VENTA AL POR MENOR DE LOTERIA Y SIMILARES,TRUE
company_activity_525303,525303,EMISION DE LA LOTERIA NACIONAL Y SIMILARES,TRUE
company_activity_525901,525901,VENTA DE ALFOMBRAS Y TAPICES,TRUE
company_activity_525902,525902,VENTA AMBULANTE DE ARTICULOS PARA EL HOGAR,TRUE
company_activity_525903,525903,VENTA DE LIBROS A DOMICILIO,TRUE
company_activity_525904,525904,TRABAJOS DE  MANUALIDADES,TRUE
company_activity_525905,525905,"VENTA AL POR MENOR DE TARJETAS TELEFONICAS, PINES, TIEMPO AIRE Y SIMILARES",TRUE
company_activity_526001,526001,SERVICIOS DE REPARACION DE ZAPATOS,TRUE
company_activity_526002,526002,REPARACION DE MUEBLES Y ACCESORIOS DOMESTICOS,TRUE
company_activity_526003,526003,REPARACION DE BICICLETAS,TRUE
company_activity_526005,526005,"ELECTRICISTA, SERVICIOS",TRUE
company_activity_526006,526006,REPARACION DE ARTICULOS ELECTRICOS,TRUE
company_activity_526008,526008,REPARACION Y MANTENIMIENTO DE PERSIANAS Y CORTINAS,TRUE
company_activity_526010,526010,INSTALACION Y MANTENIMIENTO DE PERSIANAS Y CORTINAS,TRUE
company_activity_526011,526011,REPARACION Y MANTENIMIENTO DE EQUIPO PARA TELECOMUNICACIONES,TRUE
company_activity_526012,526012,"INSTALACION Y MANTENIMIENTO DE PISCINAS,JACUZZIS Y SIMILARES",TRUE
company_activity_551002,551002,HOTEL,TRUE
company_activity_551004,551004,"MOTEL Y/O SERVICIO DE HABITACION OCASIONAL, ALBERGUES, POSADAS Y SIMILARES",TRUE
company_activity_551005,551005,SERVICIO DE SALAS VIP Y PREMIUN EN AEROPUERTOS,TRUE
company_activity_552001,552001,"BARES, CANTINAS O TABERNAS",TRUE
company_activity_552002,552002,CAFETERIAS,TRUE
company_activity_552003,552003,SERVICIOS DE CATERING SERVICE,TRUE
company_activity_552004,552004,"SERVICIO DE RESTAURANTE, CAFETERIAS, SODAS Y OTROS EXPENDIOS DE COMIDA",TRUE
company_activity_552005,552005,SODAS,TRUE
company_activity_552007,552007,OTROS EXPENDIOS DE COMIDAS,TRUE
company_activity_601001,601001,SERVICIO DE TRANSPORTE POR VIA FERREA,TRUE
company_activity_602001,602001,SERVICIO DE TRANSPORTE DE CARGA POR VIA TERRESTRE,TRUE
company_activity_602002,602002,TRANSPORTE DE  PRODUCTOS DERIVADOS DEL PETROLEO,TRUE
company_activity_602101,602101,TRANSPORTE REGULAR DE ESTUDIANTES Y EMPLEADOS POR VIA TERRESTRE,TRUE
company_activity_602102,602102,TRANSPORTE REGULAR DE PASAJEROS POR VIA TERRESTRE,TRUE
company_activity_602201,602201,TRANSPORTE NO REGULAR DE PASAJEROS POR VIA TERRESTRE (EXCURSIONES),TRUE
company_activity_602202,602202,SERVICIO DE TAXI,TRUE
company_activity_602203,602203,SERVICIO ESPECIAL ESTABLE DE TAXI (SEETAXI),TRUE
company_activity_602301,602301,SERVICIO DE ACARREO Y DISTRIBUCION DE TODO TIPO DE MERCANCIA (INCLUYE LA MUDANZA,TRUE
company_activity_602302,602302,SERVICIOS DE GRUA,TRUE
company_activity_602304,602304,SERVICIO DE MUDANZA INTERNACIONAL,TRUE
company_activity_603001,603001,SERVICIO DE TRANSPORTE POR TUBERIAS,TRUE
company_activity_611001,611001,TRANSPORTE DE CARGA POR  VIA ACUATICA,TRUE
company_activity_611002,611002,TRANSPORTE DE CABOTAJE DE PASAJEROS POR  VIA ACUATICA,TRUE
company_activity_621001,621001,SERVICIO DE TRANSPORTE DE CARGA POR VIA AEREA,TRUE
company_activity_621002,621002,SERVICIO DE TRANSPORTE AEREO REGULADO DE PASAJEROS (LINEAS AEREAS),TRUE
company_activity_621003,621003,SERVICIO DE PILOTAJE,TRUE
company_activity_622001,622001,SERVICIO DE TRANSPORTE AEREO NO REGULAR DE PASAJEROS,TRUE
company_activity_630001,630001,PRESTACION DE SERVICIOS DE TRANSITO AEREO,TRUE
company_activity_630101,630101,SERVICIO DE CONSOLIDACION DE CARGA Y DESCARGA,TRUE
company_activity_630201,630201,SERVICIOS DE ALMACENAJE,TRUE
company_activity_630301,630301,PARQUEOS/ESTACIONAMIENTO DE VEHICULOS,TRUE
company_activity_630302,630302,"FUNCIONAMIENTO DE INSTALACIONES TERMINALES COMO PUERTOS, MUELLES Y AEROPUERTOS",TRUE
company_activity_630303,630303,PERMISO DE PASO POR PROPIEDADES PRIVADAS (PEAJE),TRUE
company_activity_630401,630401,ACTIVIDADES DE AGENCIAS DE VIAJES ,TRUE
company_activity_630403,630403,ACTIVIDADES DE OPERADORES TURISTICOS (GUIA  DE TURISMO),TRUE
company_activity_630405,630405,EXPLOTACION DE ACTIVIDADES TURISTICAS(CUYA PRESTACION NO SEA REALIZADA POR UN CE,TRUE
company_activity_630901,630901,ALMACENES FISCALES (DEPOSITOS ADUANEROS) Y ESTACIONAMIENTOSTRANSITORIOS,TRUE
company_activity_630903,630903,AGENCIA DE TRANSPORTE (NAVIERA),TRUE
company_activity_630904,630904,AGENTE ADUANERO INDEPENDIENTE Y AGENCIA DE ADUANAS,TRUE
company_activity_641101,641101,ACTIVIDADES POSTALES Y DE CORREO,TRUE
company_activity_642001,642001,"SERVICIOS DE RADIO-MENSAJES, RADIOLOCALIZADORES Y SIMILARES",TRUE
company_activity_642002,642002,"SERVICIO DE TELEVISION POR CABLE, SATELITE U OTROS SISTEMA S SIMILARES",TRUE
company_activity_642003,642003,MANTENIMIENTO DE REDES DE TELECOMUNICACION,TRUE
company_activity_642004,642004,SERVICIO DE RADIO FRECUENCIA,TRUE
company_activity_642005,642005,"SERVICIOS TELEFONICOS, TELEGRAFICOS Y POR TELEX",TRUE
company_activity_642007,642007,VENTA DE ESPACIO EN EL CABLE SUBMARINO,TRUE
company_activity_642008,642008,"SERVICIO DE TRANSMISION  DE  DATOS, TEXTO, SONIDO, VOZ  Y VIDEO POR MEDIO DE LA",TRUE
company_activity_642009,642009,SERVICIOS DIGITALES O DE TELECOMUNICACIONES E INTANGIBLES PRESTADOS DESDE EL EXTERIOR,TRUE
company_activity_651101,651101,BANCA CENTRAL,TRUE
company_activity_651901,651901,COOPERATIVAS DE AHORRO Y CREDITO,TRUE
company_activity_651903,651903,BANCOS ESTATALES (EXCEPTO EL BANCO CENTRAL),TRUE
company_activity_651904,651904,ENTIDADES FINANCIERAS PRIVADAS (BANCOS),TRUE
company_activity_651905,651905,SERVICIO DE ENVIO Y RECIBO DE DINERO,TRUE
company_activity_651906,651906,INSTITUCIONES DE AHORRO Y CREDITO PARA VIVIENDA,TRUE
company_activity_659101,659101,ARRENDAMIENTO OPERATIVO EN FUNCION FINANCIERA CON OPCION DECOMPRA O RENOVACION (,TRUE
company_activity_659201,659201,ENTIDADES FINANCIERAS DISTINTAS AL SISTEMA BANCARIO NACIONAL,TRUE
company_activity_659202,659202,EMISORAS Y PROCESADORAS DE TARJETAS DE CREDITO,TRUE
company_activity_659901,659901,SERVICIO DE PRESTAMO (PRESTAMISTAS),TRUE
company_activity_659902,659902,FIDEICOMISOS Y/O ADMINISTRADORES DE FONDOS DE INVERSION,TRUE
company_activity_659903,659903,SOCIEDADES DE INVERSION MOBILIARIA,TRUE
company_activity_659904,659904,SERVICIO RECUPERACION DE DEUDAS (FACTORE0),TRUE
company_activity_659905,659905,FONDOS DE INVERSION,TRUE
company_activity_659906,659906,ACTIVIDADES DE SOCIEDADES DE CARTERA (HOLDING),TRUE
company_activity_659907,659907,INGRESOS POR INTERESES DIFERENTES AL COMERCIO DEL PRESTAMO,TRUE
company_activity_659908,659908,FONDOS DE LA LEY DEL SISTEMA DE BANCA PARA EL DESARROLLO,TRUE
company_activity_659909,659909,FIDEICOMISOS DE LA LEY DEL SISTEMA DE BANCA PARA EL DESARROLLO,TRUE
company_activity_660101,660101,SEGUROS DE VIDA,TRUE
company_activity_660201,660201,OPERADORAS DE PENSIONES,TRUE
company_activity_660202,660202,FONDOS DE OPERADORAS DE PENSIONES EXENTOS DEL 8%,TRUE
company_activity_660301,660301,AGENTES DE SEGUROS,TRUE
company_activity_660302,660302,COMERCIALIZADORES DE SEGUROS,TRUE
company_activity_660303,660303,SEGUROS GENERALES,TRUE
company_activity_671101,671101,ADMINISTRACION DE MERCADOS FINANCIEROS,TRUE
company_activity_671201,671201,CORREDORES DE BOLSA,TRUE
company_activity_671202,671202,PUESTOS DE BOLSA,TRUE
company_activity_671901,671901,PUESTOS Y/O CASAS DE CAMBIO DE MONEDA EXTRANJERA,TRUE
company_activity_671902,671902,ASESORES FINANCIEROS Y ACTIVIDADES AUXILIARES DE LA INTERMEDICIACION FINANCIERA,TRUE
company_activity_672001,672001,ACTIVIDADES AUXILIARES DE LA FINANCIACION DE PLANES DE SEGUROS Y DE PENSIONES,TRUE
company_activity_701001,701001,ACTIVIDADES INMOBILIARIAS (ALQUILER DE VIVIENDA SUPERIOR A 1.5 SALARIO BASE),TRUE
company_activity_701002,701002,ALQUILER DE LOCALES COMERCIALES Y CENTROS COMERCIALES,TRUE
company_activity_701003,701003,COMPRA Y VENTA DE PROPIEDADES (INVERSIONISTAS),TRUE
company_activity_701004,701004,ALQUILER DE EDIFICIOS Y PROPIEDADES DIFERENTES A CASAS DE HABITACION,TRUE
company_activity_701005,701005,ALQUILER DE MARCAS REGISTRADAS,TRUE
company_activity_701006,701006,"ALQUILER DE PATENTES (DE LICORES, UNICAMENTE)",TRUE
company_activity_701007,701007,EXPLOTACION DE FRANQUICIAS,TRUE
company_activity_701008,701008,ACTIVIDADES INMOBILIARIAS (ALQUILER DE VIVIENDA INFERIOR A 1.5 SALARIO BASE),TRUE
company_activity_702001,702001,AGENTES O CORREDORES DE BIENES RAICES,TRUE
company_activity_702003,702003,"ADMINISTRACION, MANTENIMIENTO, REPARACION Y LIMPIEZA DE LOS SERVICIOS Y BIENES COMUNES DE LA PROPIEDAD EN CONDOMINIO",TRUE
company_activity_711101,711101,ALQUILER DE AUTOMOVILES  DE TODO TIPO,TRUE
company_activity_711102,711102,ALQUILER DE MOTOCICLETA/SERVICIO,TRUE
company_activity_711103,711103,"ALQUILER DE EQUIPO DE TRANSPORTE POR VIA TERRESTRE, ACUATICA O AEREA",TRUE
company_activity_711105,711105,ALQUILER DE CARRITOS DE GOLF Y OTROS,TRUE
company_activity_712101,712101,ALQUILER DE MAQUINARIA Y EQUIPO PARA USO AGRICOLA,TRUE
company_activity_712201,712201,ALQUILER DE MAQUINARIA Y EQUIPO DE CONSTRUCCION E INGENIERIA CIVIL,TRUE
company_activity_712301,712301,SERVICIOS DE INTERNET EN LOCALES PUBLICOS ( CAFE INTERNET ),TRUE
company_activity_712302,712302,ALQUILER DE MAQUINARIA Y EQUIPO DE OFICINA,TRUE
company_activity_712901,712901,ALQUILER DE MAQUINAS EXPENDEDORAS DE ALIMENTOS Y OTROS,TRUE
company_activity_712902,712902,ALQUILER DE MAQUINAS DE ENTRETENIMIENTO (CON MONEDAS),TRUE
company_activity_712904,712904,ALQUILER DE PELICULAS CINEMATOGRAFICAS (VIDEO CLUB) Y/O VIDEO JUEGOS,TRUE
company_activity_712905,712905,"ALQUILER DE EQUIPO PARA RADIO, TELEVISION Y COMUNICACIONES",TRUE
company_activity_712906,712906,ALQUILER DE EQUIPO PARA DISPENSAR BILLETES (CAJERO AUTOMA-TICO),TRUE
company_activity_712907,712907,ALQUILER MAQUINARIA Y EQUIPO PARA LA ELABORACION Y/O MANTENIMIENTO DE PRODUCTOS,TRUE
company_activity_712909,712909,ALQUILER DE OTROS TIPOS DE MAQUINARIA Y EQUIPO PARA USO COMERCIAL,TRUE
company_activity_712910,712910,ALQUILER DE MAQUINARIA Y/O EQUIPO PARA USO INDUSTRIAL,TRUE
company_activity_712911,712911,ALQUILER DE RAMPAS Y SIMILARES,TRUE
company_activity_713001,713001,ALQUILER DE MENAJE,TRUE
company_activity_713002,713002,ALQUILER DE EQUIPO RECREATIVO Y DEPORTIVO,TRUE
company_activity_713003,713003,ALQUILER DE EQUIPO MEDICO Y ARTICULOS CONEXOS,TRUE
company_activity_713012,713012,ALQUILER DE TRAJES DE TODO TIPO,TRUE
company_activity_713013,713013,ALQUILER DE EQUIPO Y UTENSILIOS PARA EVENTOS ESPECIALES,TRUE
company_activity_713053,713053,"ALQUILER DE ANIMALES (CABALLOS, SERPIENTES, ETC)",TRUE
company_activity_721001,721001,CONSULTORES INFORMATICOS,TRUE
company_activity_722003,722003,"DISENADOR GRAFICO, DE SOFWARE Y PAGINAS WEB",TRUE
company_activity_723001,723001,PROCESAMIENTO DE DATOS,TRUE
company_activity_724001,724001,ACTIVIDADES RELACIONADAS CON BASES DE DATOS,TRUE
company_activity_725001,725001,REPARACION DE EQUIPO DE COMPUTO,TRUE
company_activity_725002,725002,MANTENIMIENTO DE EQUIPO DE COMPUTO,TRUE
company_activity_725003,725003,"REPARACION CAJAS REGISTRADORAS, CALCULADORAS, MAQUINAS DE CONTABILIDAD Y EQUIPO",TRUE
company_activity_725004,725004,"MANTENIMIENTO DE CAJAS REGISTRADORAS, CALCULADORAS, MAQUINAS DE CONTABILIDAD",TRUE
company_activity_729001,729001,OTRAS ACTIVIDADES DE INFORMATICA,TRUE
company_activity_731001,731001,INVESTIGACION Y DESARROLLO EXPERIMENTAL EN EL CAMPO DE LAS CIENCIAS NATURALES ,TRUE
company_activity_731003,731003,METEOROLOGO POR CUENTA PROPIA,TRUE
company_activity_732001,732001,INVESTIGACIONES Y DESARROLLO EXPERIMENTAL EN EL CAMPO DE LAS CIENCIAS SOCIALES ,TRUE
company_activity_741101,741101,"BUFFETE DE ABOGADO, NOTARIO, ASESOR LEGAL",TRUE
company_activity_741203,741203,"ACTVIDAD DE CONTABILIDAD (CONTADORES), TENEDURIA DE LIBROS,AUDITORIA Y ASESOR FINANCIERO",TRUE
company_activity_741301,741301,ASESORES EN MERCADEO Y VENTAS,TRUE
company_activity_074130,074130,2 ENCUESTAS DE OPINION PÚBLICA,TRUE
company_activity_741401,741401,ECONOMISTAS,TRUE
company_activity_741402,741402,ASESORAMIENTO EMPRESARIAL Y EN MATERIA DE GESTION (HANDLING),TRUE
company_activity_741407,741407,ASESOR ADUANERO,TRUE
company_activity_741408,741408,"CORRESPONSAL DE RADIO, TELEVISION Y PRENSA ESCRITA",TRUE
company_activity_742102,742102,ACTIVIDADES DE ARQUITECTURA E INGENIERIA,TRUE
company_activity_742105,742105,SERVICIOS DE CONSULTORIA EN MANTENIMIENTO INDUSTRIAL Y MECANICO,TRUE
company_activity_742107,742107,QUIMICOS,TRUE
company_activity_742108,742108,ACTIVIDADES DE GEOGRAFIA Y/O GEOLOGIA,TRUE
company_activity_742110,742110,BIOLOGO POR CUENTA PROPIA,TRUE
company_activity_074211,074211,2 DIBUJANTE ARQUITECTONICO Y/O PLANOS DE CONSTRUCCION,TRUE
company_activity_742201,742201,ENSAYOS Y ANALISIS TECNICOS,TRUE
company_activity_742202,742202,PROFESIONALES EN TECNOLOGIA DE ALIMENTOS,TRUE
company_activity_743001,743001,PUBLICIDAD,TRUE
company_activity_743004,743004,SERVICIOS DE PUBLICIDAD,TRUE
company_activity_743005,743005,ALQUILER DE ESPACIOS PUBLICITARIOS,TRUE
company_activity_743006,743006,PUBLICIDAD A TRAVES DE MEDIOS ELECTRONICOS,TRUE
company_activity_749101,749101,SERVICIOS DE ADMINISTRACION DE PERSONAL,TRUE
company_activity_749102,749102,SERVICIOS DE BIBLIOTECOLOGIA,TRUE
company_activity_749201,749201,"SERVICIOS DE INVESTIGACION, SEGURIDAD PRIVADA, AGENCIAS Y CONSULTORES",TRUE
company_activity_749204,749204,INSTRUCTOR DE TIRO (MANEJO DE ARMAS).,TRUE
company_activity_749301,749301,SERVICIOS DE FUMIGACION (NO AGRICOLA),TRUE
company_activity_749302,749302,SERVICIOS DE LIMPIEZA (INTERIORES Y EXTERIORES),TRUE
company_activity_749401,749401,ESTUDIOS FOTOGRAFICOS,TRUE
company_activity_749402,749402,SERVICIO DE FOTOGRAFIA (FOTOGRAFO),TRUE
company_activity_749501,749501,SERVICIOS DE ENVASE Y EMPAQUE,TRUE
company_activity_749901,749901,SERVICIO DE FOTOCOPIADO Y OTROS,TRUE
company_activity_749902,749902,SERVICIOS DE LEVANTADO DE TEXTO Y/O CORRECCION DE TEXTOS Y OTROS,TRUE
company_activity_749903,749903,SERVICIOS SECRETARIALES Y/O OFICINISTA,TRUE
company_activity_749904,749904,SERVICIO DE DISENO O DECORACION DE INTERIORES (POR CUENTA PROPIA).,TRUE
company_activity_749905,749905,SERVICIO DE CONTESTACION DE TELEFONOS (CALL CENTER),TRUE
company_activity_749906,749906,SERVICIOS DE TRADUCTOR,TRUE
company_activity_749907,749907,SERVICIO DE INSPECCION DE TODO TIPO DE MERCADERIAS Y ACTIVOS(INCLUYE DROGAS),TRUE
company_activity_749908,749908,SERVICIO DE RECOLECCION DE MONEDAS DE LOS TELEFONOS PUBLICOS,TRUE
company_activity_749911,749911,AGENCIAS FOTOGRAFICAS POR CATALOGO,TRUE
company_activity_749914,749914,SERVCICIO DE COBRANZA DE RECIBOS PUBLICOS Y OTROS,TRUE
company_activity_749917,749917,MODELAJE PROFESIONAL (MODELO),TRUE
company_activity_749918,749918,AGENCIAS DE COBRO Y CALIFICACION CREDITICIA,TRUE
company_activity_751101,751101,ACTIVIDADES DE LA ADMINISTRACION PUBLICA EN GENERAL,TRUE
company_activity_751102,751102,"ACTIVIDADES DE LA ADMINISTRACION PÚBLICA EN GENERAL, NO SUJETAS AL IMPUESTO SOBR",TRUE
company_activity_751103,751103,MUNICIPALIDADES Y CONCEJOS DE DISTRITO,TRUE
company_activity_751106,751106,ACTIVIDADES DE LA ADMINISTRACION PUBLICA EN GENERAL GRAVADAS CON IVA,TRUE
company_activity_751201,751201,"JUNTAS DE EDUCACION, COMEDORES ESCOLARES, PATRONATOS, COOPERATIVAS ESCOLARES, CO",TRUE
company_activity_751202,751202,COMITES CANTONALES DE DEPORTES Y RECREACION,TRUE
company_activity_751301,751301,ACTIVIDADES DEL SECTOR PÚBLICO RELACIONADAS CON LA INFRAESTRUCTURA,TRUE
company_activity_751302,751302,FONDOS PUBLICOS (ACTIVIDADES DEL SECTOR PUBLICO),TRUE
company_activity_751401,751401,ACTIVIDADES DE SERVICIOS AUXILIARES PARA LA ADMINISTRACION PÚBLICA EN GENERAL,TRUE
company_activity_752101,752101,RELACIONES EXTERIORES,TRUE
company_activity_752201,752201,ACTIVIDADES DE DEFENSA,TRUE
company_activity_752301,752301,ACTIVIDADES DE MANTENIMIENTO DEL ORDEN PÚBLICO Y DE SEGURIDAD,TRUE
company_activity_752302,752302,"SERVICIOS DE VIGILANCIA O CONTROL PORTUARIA, COSTERA, AEREA,Y FRONTERIZA",TRUE
company_activity_753001,753001,ACTIVIDADES DE PLANES DE SEGURIDAD SOCIAL DE AFILIACION OBLIGATORIA,TRUE
company_activity_801001,801001,ENSENANZA PREESCOLAR Y PRIMARIA PRIVADA,TRUE
company_activity_801002,801002,ENSENANZA PREESCOLAR Y PRIMARIA PRIVADA NO AUTORIZADOS POR EL MEP,TRUE
company_activity_802101,802101,ENSENANZA SECUNDARIA PRIVADA,TRUE
company_activity_802102,802102,ENSENANZA SECUNDARIA PRIVADA NO AUTORIZADA POR EL MEP,TRUE
company_activity_802201,802201,ENSENANZA DE FORMACION TECNICA Y PARAUNIVERSITARIA,TRUE
company_activity_802202,802202,ENSENANZA SECUNDARIA DE FORMACION TECNICA Y PROFESIONAL NO AUTORIZADA POR EL MEP,TRUE
company_activity_803002,803002,ENSENANZA SUPERIOR PRIVADA (UNIVERSIDADES),TRUE
company_activity_803003,803003,ENSENANZA SUPERIOR PUBLICA (UNIVERSIDADES),TRUE
company_activity_809001,809001,ESCUELAS COMERCIALES (NO ESTATALES),TRUE
company_activity_809004,809004,PROFESOR POR CUENTA PROPIA,TRUE
company_activity_809005,809005,ENSENANZA CULTURAL,TRUE
company_activity_809006,809006,ENSENANZA DE LA DE SEGURIDAD PRIVADA,TRUE
company_activity_809007,809007,ESCUELA Y AGENCIA DE MODELOS,TRUE
company_activity_851101,851101,ACTIVIDADES DE HOSPITALES ,TRUE
company_activity_851201,851201,GINECOLOGO,TRUE
company_activity_851202,851202,SERVICOS DE MEDICO GENERAL,TRUE
company_activity_851203,851203,NEUROLOGOS,TRUE
company_activity_851204,851204,"SERVICIOS DE OFTALMOLOGO U OCULISTA, OPTOMETRISTA Y/O OPTICO",TRUE
company_activity_851206,851206,ORTOPEDISTA (CONSULTA PRIVADA),TRUE
company_activity_851207,851207,SERVICIOS DE ODONTOLOGO Y CONEXOS,TRUE
company_activity_851208,851208,"OTORRINOLARINGOLOGIA, AUDIOLOGIA Y SERVICIOS CONEXOS.",TRUE
company_activity_851209,851209,FARMACEUTICO O BOTICARIO,TRUE
company_activity_851210,851210,CARDIOLOGOS,TRUE
company_activity_851212,851212,ONCOLOGOS,TRUE
company_activity_851213,851213,REUMATOLOGO,TRUE
company_activity_851901,851901,MEDICINA ALTERNATIVA,TRUE
company_activity_851902,851902,FISICO TERAPISTA,TRUE
company_activity_851905,851905,PSICOLOGO,TRUE
company_activity_851906,851906,PSIQUIATRIA,TRUE
company_activity_851907,851907,SERVICIOS DE ENFERMERIA,TRUE
company_activity_851908,851908,LABORATORIOS MEDICOS - CLINICOS,TRUE
company_activity_851909,851909,"SERVICIOS DE RADIOLOGIA, ANESTESIOLOGIA Y OTROS",TRUE
company_activity_851910,851910,TRANSPORTE EN AMBULANCIA TERRESTRE Y AEREO (SERVICIO PRIVADO),TRUE
company_activity_851911,851911,PROFESIONALES EN SALUD OCUPACIONAL,TRUE
company_activity_851912,851912,NUTRICIONISTA,TRUE
company_activity_851913,851913,PROFESIONALES EN EDUCACION ESPECIAL,TRUE
company_activity_851914,851914,SERVICIOS DE PARAMEDICOS,TRUE
company_activity_851915,851915,SERVICIOS DE ESTERILIZACION DE PRODUCTOS MEDICOS Y FARMACEUTICOS,TRUE
company_activity_851916,851916,OTRAS ACTIVIDADES RELACIONADAS CON LA SALUD HUMANA(BANCO DE SANGRE…),TRUE
company_activity_851917,851917,CIRUJANO PLASTICO,TRUE
company_activity_853101,853101,FUNDACIONES DE BIEN SOCIAL,TRUE
company_activity_853102,853102,FUNDACIONES DE SERVICIO SOCIAL (PRIVADAS),TRUE
company_activity_853103,853103,RESIDENCIAS UNIVERSITARIAS CON SERVICIOS INTEGRADOS,TRUE
company_activity_853201,853201,GUARDERIAS/CENTROS INFANTILES Y SERVICIOS SOCIALES,TRUE
company_activity_853202,853202,SERVICIOS SOCIALES DE REDES DE CUIDO  Y CENTROS DE ATENCION DE ADULTOS MAYORES,TRUE
company_activity_853301,853301,ASOCIACIONES DECLARADAS DE UTILIDAD PUBLICA POR EL PODER EJECUTIVO,TRUE
company_activity_900001,900001,"ASESORAMIENTO Y ELIMINACION DE DESPERDICIOS, SANEAMIENTO (EXCEPTO LIMPIEZA DE TANQUES)",TRUE
company_activity_900002,900002,LIMPIEZA DE TANQUES SEPTICOS Y AGUAS REDISUALES,TRUE
company_activity_911101,911101,ACTIVIDADES DE ORGANIZACIONES EMPRESARIALES Y DE EMPLEADORES,TRUE
company_activity_911102,911102,CAMARAS DE COMERCIO,TRUE
company_activity_911201,911201,ACTIVIDADES DE ORGANIZACIONES PROFESIONALES,TRUE
company_activity_912001,912001,ASOCIACIONES SOLIDARISTAS,TRUE
company_activity_912002,912002,ACTIVIDADES DE SINDICATOS,TRUE
company_activity_919101,919101,ACTIVIDADES DE ORGANIZACIONES RELIGIOSAS,TRUE
company_activity_919201,919201,ACTIVIDADES DE ORGANIZACIONES POLITICAS,TRUE
company_activity_919901,919901,ASOCIACION DE DESARROLLO COMUNAL Y/O SERVICIOS COMUNITARIOS,TRUE
company_activity_919903,919903,"ASOCIACIONES O ENTIDADES CON FINES CULTURALES, SOCIALES, RECREATIVOS, ARTESANALE",TRUE
company_activity_919906,919906,ASOCIACIONES ADMINISTRADORAS DE LOS SISTEMAS DE ACUEDUCTOS Y ALCANTARILLADOS (ASADAS),TRUE
company_activity_921101,921101,ACTIVIDADES PRODUCCION POSTPRODUCCION Y DISTRIBUCION DE PELICULAS CINEMATOGRAFIC,TRUE
company_activity_921201,921201,EXHIBICION DE FILMES Y VIDEOCINTAS  (SALAS DE CINE),TRUE
company_activity_921301,921301,TRANSMISIONES DE RADIO,TRUE
company_activity_921302,921302,PROGRAMACION Y TRANSMISIONES DE TELEVISION,TRUE
company_activity_921303,921303,TRANSMISIONES DE RADIO CULTURALES SEGÚN LEY GENERAL DE TELECOMUNICACIONES,TRUE
company_activity_921401,921401,TEATROS (EXPLOTACION),TRUE
company_activity_921402,921402,ACTIVIDADES MUSICALES Y ARTISTICAS (SERVICIOS),TRUE
company_activity_921403,921403,PERIODISTA POR CUENTA PROPIA,TRUE
company_activity_921501,921501,CANALES DE TELEVISION,TRUE
company_activity_921902,921902,"VENTA AL POR MENOR DE DISCOS, GRABACIONES DE MUSICA Y DE VIDEO",TRUE
company_activity_921903,921903,SALON DE BAILE Y DISCOTECA,TRUE
company_activity_921904,921904,SALON DE PATINES,TRUE
company_activity_922001,922001,ACTIVIDADES DE AGENCIAS DE NOTICIAS,TRUE
company_activity_923101,923101,ACTIVIDADES DE BIBLIOTECAS Y ARCHIVOS,TRUE
company_activity_923201,923201,GALERIAS DE ARTE,TRUE
company_activity_923202,923202,SERVICIOS DE RESTAURACION DE OBRAS DE ARTE,TRUE
company_activity_923301,923301,"ACTIVIDADES DE JARDINES BOTANICOS, ZOOLOGICOS, PARQUES NACIONALES Y RESERVAS NACIONALES",TRUE
company_activity_924101,924101,GIMNASIOS,TRUE
company_activity_924102,924102,EXPLOTACION DE PISCINAS O ALBERCAS DE BANO,TRUE
company_activity_924103,924103,"ENTRENADOR, INSTRUCTORES Y/O PREPARADORES FISICOS POR CUENTA PROPIA",TRUE
company_activity_924104,924104,ACTIVIDADES DE ESCUELAS Y CLUBES DEPORTIVOS,TRUE
company_activity_924105,924105,EXPLOTACION DE INSTALACIONES Y CAMPOS DEPORTIVOS,TRUE
company_activity_924106,924106,ACTIVIDADES DEPORTIVAS Y OTRAS POR CUENTA PROPIA,TRUE
company_activity_924107,924107,ESPECTACULOS DEPORTIVOS,TRUE
company_activity_924901,924901,NIGHT CLUB/CABARETTE,TRUE
company_activity_924902,924902,EXPLOTACION DE CASINOS (INCLUYE MESAS DE JUEGOS Y MAQUINAS TRAGAMONEDAS),TRUE
company_activity_924903,924903,PESCA DEPORTIVA,TRUE
company_activity_924904,924904,"ACTIVIDADES DE JUEGOS DE BILLAR, POOL Y OTROS SIMILARES",TRUE
company_activity_924905,924905,SALA DE VIDEO JUEGOS,TRUE
company_activity_924906,924906,"GRABACION DE SONIDO (MUSICA, ETC.) EN DISCOS GRAMOFONICOS YEN CINTA MAGNETOFONIC",TRUE
company_activity_924907,924907,SERVICIO DE ENLACE DE LLAMADAS Y CASAS DE APUESTAS ELECTRONICAS (SPORTBOOKS),TRUE
company_activity_924908,924908,ESPECTACULOS PUBLICOS EN GENERAL EXCEPTO LOS DEPORTIVOS Y EL TEATRO,TRUE
company_activity_924909,924909,OTRAS ACTIVIDADES DE ESPARCIMIENTO,TRUE
company_activity_924910,924910,EXPLOTACION DE JUEGOS DE AZAR NO ELECTRONICOS (INCLUYE MAQUINAS TRAGAMONEDAS,TRUE
company_activity_930101,930101,SERVICIOS DE LAVANDERIA DE TODO TIPO,TRUE
company_activity_930102,930102,SERVICIO DE TENIDO DE PRENDAS DE VESTIR,TRUE
company_activity_930103,930103,SERVICIO DE LIMPIEZA Y LAVADO DE MUEBLES,TRUE
company_activity_930202,930202,"SALONES DE BELLEZA, PELUQUERIA Y BARBERIA",TRUE
company_activity_093030,093030,1 SERVICIOS FUNEBRES Y ACTIVIDADES CONEXAS,TRUE
company_activity_930302,930302,CEMENTERIO PUBLICO (JUNTA ADMINISTRATIVA),TRUE
company_activity_930303,930303,CEMENTERIO O CAMPOSANTO PRIVADO,TRUE
company_activity_930901,930901,SALAS DE MASAJES,TRUE
company_activity_930903,930903,OTRAS ACTIVIDADES DE SERVICIOS PERSONALES N.C.P.,TRUE
company_activity_930904,930904,CENTRO O SALA DE BRONCEADO,TRUE
company_activity_930905,930905,PELUQUERIA Y SALA DE ESTETICA PARA ANIMALES,TRUE
company_activity_930906,930906,SERVICIO DE TATUAJE Y PIERCING,TRUE
company_activity_930907,930907,SERVICIO DE DISCO MOVIL,TRUE
company_activity_930908,930908,SERVICIO DE HERRADURA,TRUE
company_activity_930915,930915,ALBERGUE Y CUIDO DE ANIMALES A DOMICILIO,TRUE
company_activity_950001,950001,HOGARES PRIVADOS CON SERVICIO DOMESTICO,TRUE
company_activity_960104,960104,IMPUESTO A LAS PERSONAS JURIDICAS,
company_activity_960105,960105,ACTIVIDADES PREOPERATIVAS O DE ORGANIZACION,
company_activity_960106,960106,EXPORTADORES DE MERCANCIAS EXENTAS DEL IMPUESTO DE VENTAS,
company_activity_960107,960107,PRODUCTORES DE MERCANCIAS EXENTAS DEL IMPUESTO DE VENTAS,
company_activity_960108,960108,COMERCIALIZADORES DE MERCANCIAS EXENTAS DEL IMPUESTO DE VENTAS,
company_activity_960109,960109,DISTRIBUIDORES DE MERCANCIAS EXENTAS DEL IMPUESTO DE VENTAS,
company_activity_990001,990001,"ACTVIDADES DE ORGANIZACIONES Y ORGANOS EXTRATERRITORIALES, INCLUYE LAS EMBAJADAS",
